Ticker,Company
AACB,
AACBR,
AACBU,
AACG,
AACI,
AACIU,
AACIW,
AADR,
AAL,
AALG,
AAME,
AAOI,
AAON,
AAPB,
AAPD,
AAPG,
AAPL,Apple Inc.
AAPU,
AARD,
AAUS,
AAVM,
AAXJ,
ABAT,
ABCL,
ABCS,
ABEO,
ABI,
ABIG,
ABL,
ABLLL,
ABLV,
ABLVW,
ABNB,Airbnb Inc.
ABOS,
ABPWW,
ABSI,
ABTS,
ABUS,
ABVC,
ABVX,
ACAD,
ACB,
ACDC,
ACFN,
ACGL,
ACGLN,
ACGLO,
ACHC,
ACHV,
ACIC,
ACIU,
ACIW,
ACLS,
ACLX,
ACMR,
ACNB,
ACNT,
ACOG,
ACON,
ACONW,
ACRS,
ACRV,
ACT,
ACTG,
ACTU,
ACWI,
ACWX,
ACXP,
ADAG,
ADBE,Adobe Inc.
ADBG,
ADEA,
ADI,
ADMA,
ADP,
ADPT,
ADSE,
ADSEW,
ADSK,
ADTN,
ADTX,
ADUR,
ADUS,
ADV,
ADVM,
ADVWW,
ADXN,
AEBI,
AEHL,
AEHR,
AEI,
AEIS,
AEMD,
AENT,
AENTW,
AEP,
AERT,
AERTW,
AEVA,
AEVAW,
AEYE,
AFBI,
AFCG,
AFJK,
AFJKR,
AFJKU,
AFOS,
AFRI,
AFRIW,
AFRM,
AFSC,
AFYA,
AGEM,
AGEN,
AGFY,
AGGA,
AGH,
AGIO,
AGIX,
AGMH,
AGMI,
AGNC,
AGNCL,
AGNCM,
AGNCN,
AGNCO,
AGNCP,
AGNG,
AGRI,
AGYS,
AGZD,
AHCO,
AHG,
AIA,
AIFD,
AIFF,
AIFU,
AIHS,
AIIO,
AIIOW,
AIMD,
AIMDW,
AIOT,
AIP,
AIPI,
AIPO,
AIQ,
AIRG,
AIRJ,
AIRJW,
AIRL,
AIRO,
AIRR,
AIRS,
AIRT,
AIRTP,
AISP,
AISPW,
AIXI,
AKAM,
AKAN,
AKBA,
AKRO,
AKTX,
ALAB,
ALAR,
ALCO,
ALCY,
ALCYU,
ALCYW,
ALDF,
ALDFU,
ALDFW,
ALDX,
ALEC,
ALF,
ALFUU,
ALFUW,
ALGM,
ALGN,
ALGS,
ALGT,
ALHC,
ALIL,
ALKS,
ALKT,
ALLO,
ALLR,
ALLT,
ALLW,
ALM,
ALMS,
ALMU,
ALNT,
ALNY,
ALOT,
ALRM,
ALRS,
ALT,
ALTI,
ALTO,
ALTS,
ALTY,
ALVO,
ALVOW,
ALZN,
AMAL,
AMAT,Applied Materials
AMBA,
AMBR,
AMD,Advanced Micro Devices
AMDD,
AMDG,
AMDL,
AMDU,
AMGN,Amgen Inc.
AMID,
AMIX,
AMKR,
AMLX,
AMOD,
AMODW,
AMPG,
AMPGW,
AMPH,
AMPL,
AMRK,
AMRN,
AMRX,
AMSC,
AMSF,
AMST,
AMTX,
AMUU,
AMWD,
AMZD,
AMZN,Amazon.com Inc.
AMZU,
AMZZ,
ANAB,
ANDE,
ANEB,
ANGH,
ANGHW,
ANGI,
ANGL,
ANGO,
ANIK,
ANIP,
ANIX,
ANL,
ANNA,
ANNAW,
ANNX,
ANPA,
ANSC,
ANSCU,
ANSCW,
ANTA,
ANTE,
ANTX,
AOHY,
AOSL,
AOTG,
AOUT,
APA,
APAD,
APADR,
APADU,
APDN,
APED,
APEI,
APGE,
API,
APLD,
APLM,
APLMW,
APLS,
APM,
APOG,
APP,
APPF,
APPN,
APPS,
APPX,
APRE,
APVO,
APWC,
APYX,
AQST,
AQWA,
ARAI,
ARAY,
ARBB,
ARBE,
ARBEW,
ARBKL,
ARCB,
ARCC,
ARCT,
ARDX,
AREC,
ARGX,
ARHS,
ARKO,
ARKOW,
ARKR,
ARLP,
ARM,
ARMG,
AROW,
ARQ,
ARQQ,
ARQQW,
ARQT,
ARRY,
ARTNA,
ARTV,
ARTW,
ARVN,
ARVR,
ARWR,
ASBPW,
ASET,
ASLE,
ASMB,
ASMG,
ASML,ASML Holding
ASND,
ASO,
ASPC,
ASPCR,
ASPCU,
ASPI,
ASPS,
ASPSW,
ASPSZ,
ASRV,
ASST,
ASTC,
ASTE,
ASTH,
ASTI,
ASTL,
ASTLW,
ASTS,
ASUR,
ASYS,
ATAI,
ATAT,
ATEC,
ATER,
ATEX,
ATGL,
ATHE,
ATHR,
ATII,
ATIIU,
ATIIW,
ATLC,
ATLCL,
ATLCP,
ATLCZ,
ATLN,
ATLO,
ATLX,
ATMC,
ATMCR,
ATMCU,
ATMCW,
ATMV,
ATMVR,
ATMVU,
ATNI,
ATOM,
ATPC,
ATRA,
ATRC,
ATRO,
ATXS,
ATYR,
AUBN,
AUDC,
AUGO,
AUID,
AUMI,
AUPH,
AUR,
AURA,
AUROW,
AUTL,
AUUD,
AUUDW,
AVAH,
AVAV,
AVBH,
AVBP,
AVDL,
AVDX,
AVGB,
AVGG,
AVGO,Broadcom Inc.
AVGU,
AVGX,
AVIR,
AVL,
AVNW,
AVO,
AVPT,
AVR,
AVS,
AVT,
AVTX,
AVUQ,
AVXC,
AVXL,
AWRE,
AXGN,
AXIN,
AXINR,
AXINU,
AXON,
AXSM,
AYTU,
AZ,
AZN,AstraZeneca
AZTA,
BABX,
BACC,
BACCR,
BACCU,
BACQ,
BACQR,
BACQU,
BAER,
BAERW,
BAFE,
BAFN,
BAIG,
BAND,
BANF,
BANFP,
BANR,
BAOS,
BASE,
BASG,
BASV,
BATRA,
BATRK,
BAYA,
BAYAR,
BAYAU,
BBCP,
BBGI,
BBH,
BBIO,
BBLG,
BBLGW,
BBNX,
BBOT,
BBSI,
BCAL,
BCAR,
BCARU,
BCARW,
BCAX,
BCBP,
BCG,
BCGWW,
BCIC,
BCLO,
BCML,
BCPC,
BCRX,
BCTX,
BCTXW,
BCTXZ,
BCYC,
BDGS,
BDMD,
BDMDW,
BDRX,
BDTX,
BEAG,
BEAGR,
BEAGU,
BEAM,
BEAT,
BEATW,
BEEM,
BEEP,
BEEX,
BEEZ,
BELFA,
BELFB,
BELT,
BETR,
BETRW,
BFC,
BFIN,
BFRG,
BFRGW,
BFST,
BGC,
BGFV,
BGL,
BGLC,
BGLWW,
BGM,
BGRN,
BGRO,
BHARTIARTL.NS,Bharti Airtel
BHAT,
BHF,
BHFAL,
BHFAM,
BHFAN,
BHFAO,
BHFAP,
BHRB,
BHST,
BIB,
BIDU,Baidu Inc.
BIIB,
BILI,
BIOA,
BIOX,
BIRD,
BIS,
BITF,
BITS,
BIVI,
BIVIW,
BJDX,
BJK,
BJRI,
BKCH,
BKHA,
BKHAR,
BKHAU,
BKIV,
BKNG,
BKR,
BKWO,
BL,
BLBD,
BLBX,
BLCN,
BLCR,
BLDE,
BLDEW,
BLDP,
BLFS,
BLFY,
BLIN,
BLIV,
BLKB,
BLMN,
BLNE,
BLRX,
BLTE,
BLUW,
BLUWU,
BLUWW,
BLZE,
BMAX,
BMBL,
BMDL,
BMEA,
BMGL,
BMHL,
BMR,
BMRA,
BMRC,
BMRN,
BNAIW,
BNC,
BNCWW,
BND,
BNDW,
BNDX,
BNGO,
BNR,
BNRG,
BNTC,
BNTX,BioNTech SE
BNZI,
BNZIW,
BOED,
BOEG,
BOEU,
BOF,
BOKF,
BOLD,
BOLT,
BON,
BOOM,
BOSC,
BOTJ,
BOTT,
BOTZ,
BPOP,
BPOPM,
BPRN,
BPYPM,
BPYPN,
BPYPO,
BPYPP,
BRAG,
BREA,
BRFH,
BRHY,
BRID,
BRKD,
BRKL,
BRKR,
BRKU,
BRLS,
BRLSW,
BRLT,
BRNS,
BRNY,
BRR,
BRRR,
BRRWU,
BRRWW,
BRTR,
BRTX,
BRY,
BRZE,
BSAA,
BSAAR,
BSAAU,
BSBK,
BSCP,
BSCQ,
BSCR,
BSCS,
BSCT,
BSCU,
BSCV,
BSCW,
BSCX,
BSCY,
BSCZ,
BSET,
BSGM,
BSJP,
BSJQ,
BSJR,
BSJS,
BSJT,
BSJU,
BSJV,
BSJW,
BSJX,
BSLKW,
BSMP,
BSMQ,
BSMR,
BSMS,
BSMT,
BSMU,
BSMV,
BSMW,
BSMY,
BSRR,
BSSX,
BSVN,
BSVO,
BSY,
BTBD,
BTBDW,
BTBT,
BTCS,
BTCT,
BTDR,
BTF,
BTFX,
BTGD,
BTM,
BTMD,
BTMWW,
BTOC,
BTSG,
BTSGU,
BUFC,
BUFI,
BUFM,
BUG,
BULD,
BULG,
BULL,
BULLW,
BUSE,
BUSEP,
BUUU,
BVFL,
BVS,
BWAY,
BWB,
BWBBP,
BWEN,
BWFG,
BWIN,
BWMN,
BYFC,
BYND,
BYRN,
BYSI,
BZ,
BZAI,
BZAIW,
BZFD,
BZFDW,
BZUN,
CA,
CAAS,
CABA,
CAC,
CACC,
CADL,
CAEP,
CAFG,
CAI,
CAKE,
CALC,
CALI,
CALM,
CAMP,
CAMT,
CANC,
CANQ,
CAPN,
CAPNR,
CAPNU,
CAPR,
CAPS,
CAR,
CARE,
CARG,
CARL,
CART,
CARV,
CARY,
CARZ,
CASS,
CASY,
CATH,
CATY,
CBAT,
CBFV,
CBIO,
CBLL,
CBNK,
CBRL,
CBSH,
CBUS,
CCAP,
CCB,
CCBG,
CCCC,
CCCS,
CCCX,
CCCXU,
CCCXW,
CCD,
CCEC,
CCEP,
CCFE,
CCGWW,
CCII,
CCIIU,
CCIIW,
CCIX,
CCIXU,
CCIXW,
CCLD,
CCLDO,
CCNE,
CCNEP,
CCNR,
CCOI,
CCRN,
CCSB,
CCSI,
CCSO,
CCTG,
CDC,
CDIO,
CDIOW,
CDL,
CDLX,
CDNA,
CDNS,
CDRO,
CDROW,
CDT,
CDTTW,
CDTX,
CDW,
CDXS,
CDZI,
CDZIP,
CECO,
CEFA,
CEG,
CELC,
CELH,
CELZ,
CENT,
CENTA,
CENX,
CEP,
CEPF,
CEPI,
CEPO,
CEPT,
CERO,
CEROW,
CERS,
CERT,
CETX,
CEVA,
CFA,
CFBK,
CFFI,
CFFN,
CFLT,
CFO,
CFSB,
CG,
CGABL,
CGBD,
CGBDL,
CGC,
CGCT,
CGCTU,
CGCTW,
CGEM,
CGEN,
CGNT,
CGNX,
CGO,
CGON,
CGTL,
CGTX,
CHA,
CHAC,
CHACR,
CHACU,
CHAR,
CHARR,
CHARU,
CHCI,
CHCO,
CHDN,
CHEF,
CHGX,
CHI,
CHKP,
CHMG,
CHNR,
CHPG,
CHPGR,
CHPGU,
CHPS,
CHR,
CHRD,
CHRW,
CHSCL,
CHSCM,
CHSCN,
CHSCO,
CHSCP,
CHTR,
CHW,
CHY,
CHYM,
CIBR,
CIFR,
CIFRW,
CIGI,
CIGL,
CIIT,
CIL,
CINF,
CING,
CINGW,
CISO,
CISS,
CIVB,
CJET,
CJMB,
CLAR,
CLBK,
CLBT,
CLDX,
CLFD,
CLGN,
CLLS,
CLMB,
CLMT,
CLNE,
CLNN,
CLNNW,
CLOA,
CLOD,
CLOU,
CLOV,
CLPS,
CLPT,
CLRB,
CLRO,
CLSK,
CLSKW,
CLSM,
CLST,
CLWT,
CLYM,
CMCO,
CMCSA,Comcast Corporation
CMCT,
CME,
CMMB,
CMND,
CMPO,
CMPOW,
CMPR,
CMPS,
CMPX,
CMRC,
CMTL,
CNCK,
CNCKW,
CNDT,
CNET,
CNEY,
CNFR,
CNFRZ,
CNOB,
CNOBP,
CNSP,
CNTA,
CNTB,
CNTY,
CNVS,
CNXC,
CNXN,
COCO,
COCP,
CODA,
COEP,
COEPW,
COFS,
COGT,
COHU,
COIG,
COIN,Coinbase Global
COKE,
COLA,
COLAR,
COLAU,
COLB,
COLL,
COLM,
COMM,
COMT,
CONI,
CONL,
COO,
COOP,
COPJ,
COPP,
CORO,
CORT,
CORZ,
CORZW,
CORZZ,
COST,Costco Wholesale
COWG,
COWS,
COYA,
COYY,
CPAG,
CPB,
CPBI,
CPHC,
CPHY,
CPIX,
CPLS,
CPRT,
CPRX,
CPSH,
CPSS,
CPZ,
CRAI,
CRAQ,
CRAQR,
CRAQU,
CRBP,
CRBU,
CRCG,
CRCT,
CRDF,
CRDL,
CRDO,
CRE,
CREG,
CRESW,
CRESY,
CREX,
CRGO,
CRGOW,
CRMD,
CRMG,
CRML,
CRMLW,
CRMT,
CRNC,
CRNT,
CRNX,
CRON,
CROX,
CRSP,
CRSR,
CRTO,
CRUS,
CRVL,
CRVO,
CRVS,
CRWD,CrowdStrike Holdings
CRWG,
CRWL,
CRWS,
CRWV,
CSAI,
CSB,
CSBR,
CSCI,
CSCL,
CSCO,Cisco Systems
CSCS,
CSGP,
CSGS,
CSIQ,
CSPI,
CSQ,
CSTE,
CSTL,
CSWC,
CSWCZ,
CSX,
CTAS,
CTBI,
CTEC,
CTKB,
CTLP,
CTMX,
CTNM,
CTNT,
CTOR,
CTRM,
CTRN,
CTSH,
CTSO,
CTW,
CTXR,
CUB,
CUBWU,
CUBWW,
CUPR,
CURI,
CURIW,
CURR,
CURX,
CV,
CVAC,
CVBF,
CVCO,
CVGI,
CVGW,
CVKD,
CVLT,
CVNX,
CVRX,
CVV,
CWBC,
CWCO,
CWD,
CWST,
CXAI,
CXAIW,
CXDO,
CXSE,
CYBR,
CYCC,
CYCCP,
CYCN,
CYCUW,
CYN,
CYRX,
CYTK,
CZAR,
CZFS,
CZNC,
CZR,
CZWI,
DAAQ,
DAAQU,
DAAQW,
DADS,
DAIC,
DAICW,
DAIO,
DAK,
DAKT,
DALI,
DALN,
DAPP,
DARE,
DASH,DoorDash Inc.
DAVE,
DAVEW,
DAWN,
DAX,
DBGI,
DBVT,
DBX,
DCBO,
DCGO,
DCOM,
DCOMG,
DCOMP,
DCTH,
DDI,
DDIV,
DDOG,Datadog Inc.
DECO,
DEFT,
DEMZ,
DENN,
DERM,
DEVS,
DFDV,
DFGP,
DFGX,
DFSC,
DFSCW,
DGCB,
DGICA,
DGICB,
DGII,
DGLO,
DGNX,
DGRE,
DGRS,
DGRW,
DGXX,
DH,
DHC,
DHCNI,
DHCNL,
DHIL,
DIBS,
DIOD,
DIVD,
DJCO,
DJT,
DJTWW,
DKI,
DKNG,
DKNX,
DLHC,
DLLL,
DLO,
DLPN,
DLTH,
DLTR,
DLXY,
DMAA,
DMAAR,
DMAAU,
DMAC,
DMAT,
DMLP,
DMRC,
DMXF,
DNLI,
DNTH,
DNUT,
DOCU,DocuSign Inc.
DOGZ,
DOMH,
DOMO,
DOOO,
DORM,
DOX,
DOYU,
DPRO,
DPZ,
DRDB,
DRDBU,
DRDBW,
DRIV,
DRMA,
DRMAW,
DRRX,
DRS,
DRTS,
DRTSW,
DRUG,
DRVN,
DSGN,
DSGR,
DSGX,
DSP,
DSWL,
DSY,
DSYWW,
DTCR,
DTI,
DTIL,
DTSQ,
DTSQR,
DTSQU,
DTSS,
DTST,
DTSTW,
DUKH,
DUKX,
DUO,
DUOL,Duolingo Inc.
DUOT,
DVAL,
DVAX,
DVIN,
DVLU,
DVOL,
DVQQ,
DVRE,
DVSP,
DVUT,
DVXB,
DVXC,
DVXE,
DVXF,
DVXK,
DVXP,
DVXV,
DVXY,
DVY,
DWAS,
DWAW,
DWSH,
DWSN,
DWTX,
DWUS,
DXCM,
DXLG,
DXPE,
DXR,
DXST,
DYCQ,
DYCQR,
DYCQU,
DYFI,
DYN,
DYTA,
EA,
EBAY,
EBC,
EBI,
EBIZ,
EBMT,
EBON,
ECBK,
ECOR,
ECOW,
ECPG,
ECX,
ECXWW,
EDAP,
EDBL,
EDBLW,
EDHL,
EDIT,
EDRY,
EDSA,
EDTK,
EDUC,
EEFT,
EEMA,
EFAS,
EFOI,
EFRA,
EFSC,
EFSCP,
EFSI,
EFTY,
EGAN,
EGBN,
EGGQ,
EGHA,
EGHAR,
EGHAU,
EGHT,
EH,
EHLD,
EHLS,
EHTH,
EJH,
EKG,
EKSO,
ELAB,
ELBM,
ELDN,
ELFY,
ELIL,
ELIS,
ELSE,
ELTK,
ELTX,
ELUT,
ELVA,
ELVN,
EM,
EMB,
EMBC,
EMCB,
EMEQ,
EMIF,
EML,
EMPD,
EMPG,
EMXC,
EMXF,
ENDW,
ENGN,
ENGNW,
ENGS,
ENLT,
ENLV,
ENPH,
ENSC,
ENSG,
ENTA,
ENTG,
ENTX,
ENVB,
ENVX,
ENVXW,
ENZL,
EOLS,
EOSE,
EOSEW,
EPIX,
EPOW,
EPRX,
EPSM,
EPSN,
EQIX,
EQRR,
ERAS,
ERET,
ERIC,
ERIE,
ERII,
ERNA,
ERNZ,
ESCA,
ESEA,
ESGD,
ESGE,
ESGL,
ESGLW,
ESGU,
ESLT,
ESMV,
ESN,
ESOA,
ESPO,
ESPR,
ESQ,
ESTA,
ETEC,
ETHA,
ETHM,
ETHMU,
ETHMW,
ETHZ,
ETHZW,
ETNB,
ETON,
ETOR,
ETS,
ETSY,
EU,
EUDA,
EUDAW,
EUFN,
EURK,
EURKR,
EURKU,
EVAX,
EVER,
EVGN,
EVGO,
EVGOW,
EVLV,
EVLVW,
EVMT,
EVO,
EVOK,
EVRG,
EVSD,
EVTV,
EVYM,
EWBC,
EWCZ,
EWJV,
EWTX,
EWZS,
EXAS,
EXC,
EXE,
EXEEL,
EXEEW,
EXEEZ,
EXEL,
EXFY,
EXLS,
EXOZ,
EXPE,
EXPI,
EXPO,
EXTR,
EXUS,
EYE,
EYEG,
EYPT,
EZPW,
FA,
FAAR,
FAB,
FACT,
FACTU,
FACTW,
FAD,
FALN,
FAMI,
FANG,
FARM,
FAST,
FAT,
FATBB,
FATBP,
FATE,
FATN,
FBIO,
FBIOP,
FBIZ,
FBL,
FBLA,
FBNC,
FBOT,
FBRX,
FBYD,
FBYDW,
FCA,
FCAL,
FCAP,
FCBC,
FCCO,
FCEF,
FCEL,
FCFS,
FCNCA,
FCNCO,
FCNCP,
FCTE,
FCVT,
FDBC,
FDCF,
FDFF,
FDIF,
FDIG,
FDIV,
FDMT,
FDNI,
FDSB,
FDT,
FDTS,
FDTX,
FDUS,
FEAM,
FEAT,
FEBO,
FEIM,
FELE,
FEM,
FEMB,
FEMS,
FENC,
FEP,
FEPI,
FER,
FERA,
FERAR,
FERAU,
FEUZ,
FEX,
FFAI,
FFAIW,
FFBC,
FFIC,
FFIN,
FFIV,
FFUT,
FGBI,
FGBIP,
FGEN,
FGI,
FGIWW,
FGL,
FGM,
FGMC,
FGMCR,
FGMCU,
FGNX,
FGNXP,
FGSI,
FHB,
FHTX,
FIBK,
FICS,
FID,
FIEE,
FIGX,
FIGXU,
FIGXW,
FINE,
FINW,
FINX,
FIP,
FISI,
FITB,
FITBI,
FITBO,
FITBP,
FIVE,
FIVN,
FIVY,
FIXD,
FIZZ,
FJP,
FKU,
FKWL,
FLD,
FLDB,
FLDDW,
FLEX,
FLGC,
FLGT,
FLL,
FLN,
FLNC,
FLNT,
FLWS,
FLX,
FLXS,
FLY,
FLYE,
FLYW,
FMAO,
FMB,
FMBH,
FMED,
FMET,
FMFC,
FMHI,
FMNB,
FMST,
FMSTW,
FMTM,
FMUB,
FMUN,
FNGR,
FNK,
FNKO,
FNLC,
FNWB,
FNWD,
FNX,
FNY,
FOLD,
FONR,
FORA,
FORD,
FORM,
FORR,
FORTY,
FOSL,
FOSLL,
FOX,
FOXA,
FOXF,
FOXX,
FOXXW,
FPA,
FPXE,
FPXI,
FRAF,
FRBA,
FRD,
FRDD,
FRDU,
FRGT,
FRHC,
FRME,
FRMEP,
FROG,
FRPH,
FRPT,
FRSH,
FRST,
FSBC,
FSBW,
FSCS,
FSEA,
FSFG,
FSGS,
FSHP,
FSHPR,
FSHPU,
FSLR,
FSTR,
FSUN,
FSV,
FSZ,
FTA,
FTAG,
FTAI,
FTAIM,
FTAIN,
FTC,
FTCI,
FTCS,
FTDR,
FTDS,
FTEK,
FTFT,
FTGC,
FTGS,
FTHI,
FTHM,
FTLF,
FTNT,Fortinet Inc.
FTQI,
FTRE,
FTRI,
FTSL,
FTSM,
FTXG,
FTXH,
FTXL,
FTXN,
FTXO,
FTXR,
FUFU,
FUFUW,
FULC,
FULT,
FULTP,
FUNC,
FUND,
FUSB,
FUTU,
FV,
FVC,
FVCB,
FVN,
FVNNR,
FVNNU,
FWONA,
FWONK,
FWRD,
FWRG,
FXNC,
FYBR,
FYC,
FYT,
FYX,
GABC,
GAIA,
GAIN,
GAINI,
GAINL,
GAINN,
GAINZ,
GALT,
GAMB,
GAME,
GANX,
GASS,
GAUZ,
GBDC,
GBFH,
GBIO,
GBUG,
GCBC,
GCL,
GCLWW,
GCMG,
GCMGW,
GCT,
GCTK,
GDC,
GDEN,
GDEV,
GDEVW,
GDHG,
GDRX,
GDS,
GDTC,
GDYN,
GECC,
GECCH,
GECCI,
GECCO,
GECCZ,
GEG,
GEGGL,
GEHC,
GELS,
GEME,
GEN,
GENK,
GENVR,
GEOS,
GERN,
GEVO,
GFAI,
GFAIW,
GFGF,
GFLW,
GFS,
GGAL,
GGLL,
GGLS,
GGROW,
GH,
GHRS,
GIBOW,
GIFI,
GIFT,
GIG,
GIGGU,
GIGGW,
GIGM,
GIII,
GILD,Gilead Sciences
GILT,
GIND,
GINX,
GIPR,
GIPRW,
GITS,
GKAT,
GLAD,
GLADZ,
GLBE,
GLBS,
GLBZ,
GLCR,
GLDD,
GLDI,
GLDY,
GLE,
GLGG,
GLIBA,
GLIBK,
GLMD,
GLNG,
GLOW,
GLPG,
GLPI,
GLRE,
GLSI,
GLTO,
GLUE,
GLXY,
GMAB,
GMGI,
GMHS,
GMM,
GNFT,
GNLN,
GNLX,
GNMA,
GNOM,
GNSS,
GNTA,
GNTX,
GO,
GOCO,
GOGO,
GOOD,
GOODN,
GOODO,
GOOG,Alphabet Inc. Class C
GOOGL,Alphabet Inc. (Google)
GORV,
GOSS,
GOVI,
GOVXW,
GPAT,
GPATU,
GPATW,
GPCR,
GPIQ,
GPIX,
GPRE,
GPRF,
GPRO,
GQQQ,
GRAB,
GRABW,
GRAL,
GRAN,
GRCE,
GREE,
GREEL,
GRFS,
GRI,
GRID,
GRIN,
GRNQ,
GROW,
GRPN,
GRRR,
GRRRW,
GRVY,
GRW,
GRWG,
GRYP,
GSAT,
GSBC,
GSHD,
GSHR,
GSHRU,
GSHRW,
GSIB,
GSIT,
GSIW,
GSM,
GSRT,
GSRTR,
GSRTU,
GT,
GTBP,
GTEC,
GTEN,
GTENU,
GTENW,
GTERA,
GTERR,
GTERU,
GTERW,
GTIM,
GTLB,
GTM,
GTR,
GTX,
GUTS,
GVH,
GWRS,
GXAI,
GXDW,
GYRE,
GYRO,
HAFC,
HAIN,
HALO,
HAO,
HAS,
HBAN,
HBANL,
HBANM,
HBANP,
HBCP,
HBDC,
HBNB,
HBNC,
HBT,
HCAT,
HCHL,
HCKT,
HCM,
HCMAU,
HCOW,
HCSG,
HDFCBANK.NS,HDFC Bank
HDL,
HDSN,
HEAL,
HECO,
HEJD,
HELE,
HEPS,
HEQQ,
HERD,
HERO,
HERZ,
HFBL,
HFFG,
HFSP,
HFWA,
HGBL,
HHS,
HIDE,
HIFS,
HIHO,
HIMX,
HIMY,
HIMZ,
HIND,
HINDUNILVR.NS,Hindustan Unilever
HISF,
HIT,
HITI,
HIVE,
HKIT,
HKPD,
HLAL,
HLIT,
HLMN,
HLNE,
HLVX,
HMR,
HMST,
HNDL,
HNNA,
HNNAZ,
HNRG,
HNST,
HNVR,
HOFT,
HOLO,
HOLOW,
HOLX,
HON,Honeywell International
HOND,
HONDU,
HONDW,
HONE,
HOOD,Robinhood Markets
HOOG,
HOOI,
HOOX,
HOPE,
HOTH,
HOUR,
HOVNP,
HOVR,
HOVRW,
HOWL,
HPAI,
HPAIW,
HPK,
HQGO,
HQI,
HQY,
HRMY,
HROW,
HROWL,
HROWM,
HRTS,
HRTX,
HRZN,
HSAI,
HSDT,
HSIC,
HSII,
HSON,
HSONP,
HSPO,
HSPOR,
HSPOU,
HSPOW,
HSPT,
HSPTR,
HSPTU,
HST,
HSTM,
HTBK,
HTCO,
HTFL,
HTHT,
HTLM,
HTO,
HTOO,
HTOOW,
HTZ,
HTZWW,
HUBC,
HUBCW,
HUBCZ,
HUBG,
HUDI,
HUHU,
HUIZ,
HUMA,
HUMAW,
HURA,
HURC,
HURN,
HUT,
HVII,
HVIIR,
HVIIU,
HVMCU,
HWAY,
HWBK,
HWC,
HWCPZ,
HWH,
HWKN,
HWSM,
HXHX,
HYBI,
HYDR,
HYFM,
HYLS,
HYMC,
HYMCL,
HYPR,
HYXF,
HYZD,
IAC,
IART,
IAS,
IBAC,
IBACR,
IBAT,
IBB,
IBBQ,
IBCP,
IBEX,
IBGA,
IBGB,
IBGK,
IBGL,
IBIT,
IBKR,
IBOC,
IBOT,
IBRX,
IBTF,
IBTG,
IBTH,
IBTI,
IBTJ,
IBTK,
IBTL,
IBTM,
IBTO,
IBTP,
IBTQ,
ICCC,
ICCM,
ICFI,
ICG,
ICHR,
ICICIBANK.NS,ICICI Bank
ICLN,
ICLR,
ICMB,
ICON,
ICOP,
ICUCW,
ICUI,
IDAI,
IDCC,
IDEF,
IDN,
IDXX,
IDYA,
IEF,
IEI,
IEP,
IESC,
IEUS,
IFBD,
IFGL,
IFLO,
IFV,
IGF,
IGIB,
IGIC,
IGOV,
IGSB,
IHRT,
IHYF,
III,
IIIV,
IINN,
IINNW,
IJT,
IKT,
ILIT,
ILMN,
ILPT,
IMA,
IMAB,
IMCR,
IMCV,
IMDX,
IMKTA,
IMMP,
IMMR,
IMMX,
IMNM,
IMOM,
IMOS,
IMPP,
IMPPP,
IMRN,
IMRX,
IMTX,
IMVT,
IMXI,
INAB,
INAC,
INACR,
INACU,
INBK,
INBKZ,
INBS,
INBX,
INCR,
INCY,
INDB,
INDH,
INDI,
INDP,
INDV,
INDY,
INEO,
INFR,
INFY.NS,Infosys Limited
INGN,
INHD,
INKT,
INLF,
INM,
INMB,
INMD,
INNV,
INO,
INOD,
INRO,
INSE,
INSG,
INSM,
INTA,
INTC,Intel Corporation
INTJ,
INTR,
INTU,
INTW,
INTZ,
INV,
INVA,
INVE,
INVZ,
INVZW,
IOBT,
IONL,
IONR,
IONS,
IONX,
IONZ,
IOSP,
IOVA,
IPA,
IPAR,
IPCX,
IPCXR,
IPCXU,
IPDN,
IPGP,
IPHA,
IPKW,
IPM,
IPOD,
IPODU,
IPODW,
IPWR,
IPX,
IQ,
IQQQ,
IQST,
IRBT,
IRD,
IRDM,
IREN,
IRMD,
IROH,
IROHR,
IROHU,
IROHW,
IRON,
IROQ,
IRTC,
ISBA,
ISHG,
ISHP,
ISPO,
ISPOW,
ISPR,
ISRG,
ISSC,
ISTB,
ISTR,
ITC.NS,ITC Limited
ITIC,
ITOS,
ITRI,
ITRM,
ITRN,
IUS,
IUSB,
IUSG,
IUSV,
IVA,
IVAL,
IVF,
IVP,
IXUS,
IZEA,
IZM,
JACK,
JAGX,
JAKK,
JAMF,
JANX,
JAPN,
JAZZ,
JBDI,
JBHT,
JBIO,
JBLU,
JBSS,
JCAP,
JCSE,
JCTC,
JD,JD.com Inc.
JDOC,
JDZG,
JEM,
JEPQ,
JFB,
JFBR,
JFBRW,
JFIN,
JFU,
JG,
JGLO,
JHAI,
JIVE,
JJSF,
JKHY,
JL,
JLHL,
JMID,
JMSB,
JOUT,
JOYY,
JPEF,
JPX,
JPY,
JRSH,
JRVR,
JSM,
JSMD,
JSML,
JSPR,
JSPRW,
JTAI,
JTEK,
JUNS,
JVA,
JWEL,
JXG,
JYNT,
JZ,
JZXN,
KALA,
KALU,
KALV,
KARO,
KAT,
KBAB,
KBSX,
KBWB,
KBWD,
KBWP,
KBWR,
KBWY,
KC,
KCHV,
KCHVR,
KCHVU,
KDP,
KE,
KEAT,
KELYA,
KELYB,
KEQU,
KFFB,
KFII,
KFIIR,
KFIIU,
KG,
KGEI,
KHC,
KIDS,
KIDZ,
KIDZW,
KINS,
KITT,
KITTW,
KLAC,
KLIC,
KLRS,
KLTO,
KLTOW,
KLTR,
KLXE,
KMB,
KMDA,
KMLI,
KMRK,
KMTS,
KNDI,
KNGZ,
KNSA,
KOD,
KOID,
KOPN,
KOSS,
KOYNU,
KPDD,
KPLT,
KPLTW,
KPRX,
KPTI,
KQQQ,
KRKR,
KRMA,
KRMD,
KRNT,
KRNY,
KROP,
KROS,
KRRO,
KRT,
KRUS,
KRYS,
KSCP,
KSPI,
KTCC,
KTOS,
KTTAW,
KURA,
KVAC,
KVACU,
KVACW,
KVHI,
KWM,
KWMWW,
KXIN,
KYIV,
KYIVW,
KYMR,
KYTX,
KZR,
LAB,
LAES,
LAKE,
LAMR,
LAND,
LANDM,
LANDO,
LANDP,
LARK,
LASE,
LASR,
LAUR,
LAWR,
LAYS,
LAZR,
LBGJ,
LBRDA,
LBRDK,
LBRDP,
LBTYA,
LBTYB,
LBTYK,
LCCC,
LCCCR,
LCCCU,
LCDL,
LCDS,
LCID,Lucid Group
LCNB,
LCUT,
LDEM,
LDRX,
LDSF,
LDWY,
LE,
LECO,
LEDS,
LEE,
LEGH,
LEGN,
LEGR,
LENZ,
LEXI,
LEXX,
LEXXW,
LFCR,
LFMD,
LFMDP,
LFSC,
LFST,
LFUS,
LFVN,
LGCB,
LGCF,
LGCL,
LGHL,
LGIH,
LGND,
LGO,
LGRO,
LGVN,
LHAI,
LHSW,
LI,
LICN,
LIDR,
LIDRW,
LIEN,
LIF,
LILA,
LILAK,
LIMN,
LIMNW,
LIN,
LINC,
LIND,
LINE,
LINK,
LIQT,
LITE,
LITM,
LITP,
LIVE,
LIVN,
LIVR,
LIXT,
LIXTW,
LKFN,
LKQ,
LLYVA,
LLYVK,
LMAT,
LMB,
LMBS,
LMFA,
LMNR,
LMTL,
LMTS,
LNKB,
LNSR,
LNT,
LNTH,
LNW,
LNZAW,
LOAN,
LOCO,
LOGI,
LOGO,
LOKV,
LOKVU,
LOKVW,
LOOP,
LOPE,
LOT,
LOTWW,
LOVE,
LPAA,
LPAAU,
LPAAW,
LPBB,
LPBBU,
LPBBW,
LPCN,
LPLA,
LPRO,
LPTH,
LQDA,
LQDT,
LRCX,
LRE,
LRGE,
LRHC,
LRMR,
LRND,
LSAK,
LSB,
LSBK,
LSBPW,
LSCC,
LSE,
LSTA,
LSTR,
LT.NS,Larsen & Toubro
LTBR,
LTRN,
LTRX,
LUCD,
LUCY,
LUCYW,
LULU,
LUNG,
LUNR,
LVHD,
LVLU,
LVTX,
LWAC,
LWACU,
LWACW,
LWAY,
LWLG,
LX,
LXEH,
LXEO,
LXRX,
LYEL,
LYFT,Lyft Inc.
LYRA,
LYTS,
LZ,
LZMH,
MAAS,
MACI,
MACIU,
MACIW,
MAGH,
MAMA,
MAMK,
MAMO,
MANH,
MAPS,
MAPSW,
MAR,
MARA,
MARPS,
MASI,
MASK,
MASS,
MAT,
MATH,
MATW,
MAXI,
MAXN,
MAYA,
MAYAR,
MAYAU,
MAYS,
MAZE,
MB,
MBAV,
MBAVU,
MBAVW,
MBB,
MBBC,
MBCN,
MBIN,
MBINL,
MBINM,
MBINN,
MBIO,
MBLY,
MBNKO,
MBOT,
MBS,
MBUU,
MBVIU,
MBWM,
MBX,
MCBS,
MCDS,
MCFT,
MCHI,
MCHP,
MCHPP,
MCHS,
MCHX,
MCRB,
MCRI,
MCSE,
MCTR,
MCW,
MDAI,
MDAIW,
MDB,
MDBH,
MDCX,
MDCXW,
MDGL,
MDIA,
MDIV,
MDLZ,Mondelez International
MDRR,
MDWD,
MDXG,
MDXH,
MEDP,
MEDX,
MEGL,
MEIP,
MELI,
MEMS,
MENS,
MEOH,
MERC,
MESA,
MESO,
META,Meta Platforms Inc. (Facebook)
METC,
METCB,
METCI,
METCZ,
METD,
METU,
MFH,
MFI,
MFIC,
MFICL,
MFIN,
MFLX,
MGEE,
MGIC,
MGIH,
MGNI,
MGNX,
MGPI,
MGRC,
MGRM,
MGRT,
MGRX,
MGTX,
MGX,
MGYR,
MIDD,
MILN,
MIMI,
MIND,
MIRM,
MIST,
MITK,
MJID,
MKAM,
MKDWW,
MKLYU,
MKSI,
MKTW,
MKTX,
MKZR,
MLAB,
MLAC,
MLACR,
MLACU,
MLCO,
MLEC,
MLECW,
MLGO,
MLKN,
MLTX,
MLYS,
MMLP,
MMSI,
MMYT,
MNDO,
MNDR,
MNDY,
MNKD,
MNMD,
MNOV,
MNPR,
MNRO,
MNSB,
MNSBP,
MNST,
MNTK,
MNTS,
MNTSW,
MNY,
MNYWW,
MOB,
MOBBW,
MOBXW,
MODL,
MODV,
MOFG,
MOGO,
MOLN,
MOMO,
MOOD,
MORN,
MPAA,
MPB,
MPWR,
MQ,
MQQQ,
MRAL,
MRAM,
MRBK,
MRCC,
MRCY,
MREO,
MRKR,
MRM,
MRNA,Moderna Inc.
MRNO,
MRNOW,
MRSN,
MRTN,
MRUS,
MRVI,
MRVL,
MRX,
MSAIW,
MSDD,
MSEX,
MSFD,
MSFL,
MSFT,Microsoft Corporation
MSFU,
MSGM,
MSGY,
MST,
MSTP,
MSTR,
MSTX,
MSW,
MTC,
MTCH,
MTEK,
MTEKW,
MTEN,
MTEX,
MTLS,
MTRX,
MTSI,
MTSR,
MU,Micron Technology
MUD,
MULL,
MURA,
MUU,
MVBF,
MVIS,
MVLL,
MVST,
MVSTW,
MWYN,
MXCT,
MXL,
MYCF,
MYCG,
MYCH,
MYCI,
MYCJ,
MYCK,
MYCL,
MYCM,
MYCN,
MYFW,
MYGN,
MYMF,
MYMG,
MYMH,
MYMI,
MYMJ,
MYNZ,
MYPS,
MYPSW,
MYRG,
MYSE,
MYSEW,
MYSZ,
MZTI,
NAGE,
NAII,
NAKA,
NAMI,
NAMM,
NAMMW,
NAMS,
NAMSW,
NAOV,
NATH,
NATO,
NATR,
NAVI,
NB,
NBBK,
NBIS,
NBIX,
NBN,
NBTB,
NBTX,
NCI,
NCIQ,
NCMI,
NCNO,
NCPB,
NCPL,
NCPLW,
NCRA,
NCSM,
NCT,
NCTY,
NDAA,
NDAQ,
NDSN,
NECB,
NEGG,
NEO,
NEOG,
NEON,
NEOV,
NEOVW,
NEPH,
NERD,
NERV,
NESR,
NETD,
NETDU,
NETDW,
NEWT,
NEWTG,
NEWTH,
NEWTI,
NEWTP,
NEWTZ,
NEWZ,
NEXM,
NEXN,
NEXT,
NFBK,
NFLX,Netflix Inc.
NFTY,
NFXL,
NFXS,
NGNE,
NHIC,
NHICU,
NHICW,
NHPAP,
NHPBP,
NHTC,
NICE,
NIKL,
NIOBW,
NIPG,
NISN,
NIU,
NIVF,
NIVFW,
NIXT,
NIXX,
NIXXW,
NKSH,
NKTR,
NKTX,
NLSP,
NLSPW,
NMFC,
NMFCZ,
NMIH,
NMPAU,
NMRA,
NMRK,
NN,
NNAVW,
NNBR,
NNDM,
NNE,
NNNN,
NNOX,
NODK,
NOEM,
NOEMR,
NOEMU,
NOEMW,
NOTV,
NOVT,
NOWL,
NPAC,
NPACU,
NPACW,
NPCE,
NPFI,
NRC,
NRDS,
NRES,
NRIM,
NRIX,
NRSN,
NRSNW,
NRXP,
NRXPW,
NSCR,
NSI,
NSIT,
NSPR,
NSSC,
NSTS,
NSYS,
NTAP,
NTCL,
NTCT,
NTES,
NTGR,
NTHI,
NTIC,
NTLA,
NTNX,
NTRA,
NTRB,
NTRBW,
NTRP,
NTRS,
NTRSO,
NTWK,
NTWO,
NTWOU,
NTWOW,
NUAIW,
NUKK,
NUKKW,
NUSB,
NUTR,
NUTX,
NUVL,
NUWE,
NVA,
NVAWW,
NVAX,
NVCR,
NVCT,
NVD,
NVDA,NVIDIA Corporation
NVDD,
NVDG,
NVDL,
NVDS,
NVDU,
NVEC,
NVFY,
NVMI,
NVNO,
NVTS,
NVX,
NVYY,
NWBI,
NWE,
NWFL,
NWGL,
NWL,
NWPX,
NWS,
NWSA,
NWTG,
NXGL,
NXGLW,
NXL,
NXLIW,
NXPI,
NXPLW,
NXST,
NXT,
NXTC,
NXTG,
NXTT,
NXXT,
NYAX,
NYMT,
NYMTG,
NYMTH,
NYMTI,
NYMTL,
NYMTM,
NYMTN,
NYMTZ,
NYXH,
NZAC,
NZUS,
OABI,
OABIW,
OACC,
OACCU,
OACCW,
OAKUR,
OAKUU,
OAKUW,
OBA,
OBAWU,
OBAWW,
OBIL,
OBIO,
OBLG,
OBT,
OCC,
OCCI,
OCCIM,
OCCIN,
OCCIO,
OCFC,
OCG,
OCGN,
OCS,
OCSAW,
OCSL,
OCTO,
OCUL,
ODD,
ODDS,
ODFL,
ODP,
ODVWZ,
ODYS,
OFAL,
OFIX,
OFLX,
OFS,
OFSSH,
OFSSO,
OGI,
OKLL,
OKTA,Okta Inc.
OKUR,
OKYO,
OLB,
OLED,
OLLI,
OLMA,
OLPX,
OM,
OMAB,
OMCC,
OMCL,
OMDA,
OMER,
OMEX,
OMH,
OMSE,
ON,
ONB,
ONBPO,
ONBPP,
ONC,
ONCHU,
ONCO,
ONCY,
ONDS,
ONEG,
ONEQ,
ONEW,
ONFO,
ONFOW,
OOQB,
OOSB,
OP,
OPAL,
OPBK,
OPCH,
OPEN,
OPINL,
OPK,
OPOF,
OPPJ,
OPRA,
OPRT,
OPRX,
OPT,
OPTZ,
OPXS,
ORCX,
ORGNW,
ORGO,
ORIC,
ORIQU,
ORKA,
ORLY,
ORMP,
ORR,
ORRF,
OS,
OSBC,
OSIS,
OSPN,
OSRH,
OSRHW,
OSS,
OST,
OSUR,
OSW,
OTEX,
OTGL,
OTLK,
OTLY,
OTTR,
OUST,
OUSTW,
OUSTZ,
OVBC,
OVLY,
OXBR,
OXBRW,
OXLC,
OXLCG,
OXLCI,
OXLCL,
OXLCN,
OXLCO,
OXLCP,
OXLCZ,
OXSQ,
OXSQG,
OXSQH,
OXSQZ,
OYSE,
OYSER,
OYSEU,
OZEM,
OZK,
OZKAP,
PAA,
PABD,
PABU,
PACB,
PACH,
PACHU,
PACHW,
PAGP,
PAHC,
PAL,
PALD,
PALU,
PAMT,
PANG,
PANL,
PANW,Palo Alto Networks
PASG,
PATK,
PATN,
PAX,
PAYO,
PAYS,
PAYX,
PBBK,
PBFS,
PBHC,
PBM,
PBMWW,
PBPB,
PBQQ,
PBYI,
PC,
PCAP,
PCAPU,
PCAPW,
PCAR,
PCB,
PCH,
PCLA,
PCMM,
PCRX,
PCSC,
PCT,
PCTTU,
PCTTW,
PCTY,
PCVX,
PCYO,
PDBA,
PDBC,
PDD,
PDDL,
PDEX,
PDFS,
PDLB,
PDP,
PDSB,
PDYN,
PDYNW,
PEBK,
PEBO,
PECO,
PEGA,
PELI,
PELIR,
PELIU,
PENG,
PENN,
PEP,PepsiCo Inc.
PEPG,
PEPS,
PERI,
PESI,
PETZ,
PEY,
PEZ,
PFAI,
PFBC,
PFF,
PFG,
PFI,
PFIS,
PFM,
PFSA,
PFX,
PFXNZ,
PGAC,
PGACR,
PGACU,
PGC,
PGEN,
PGJ,
PGNY,
PGY,
PGYWW,
PHAR,
PHAT,
PHH,
PHIO,
PHLT,
PHO,
PHOE,
PHUN,
PHVS,
PI,
PID,
PIE,
PIII,
PIIIW,
PINC,
PIO,
PIZ,
PKBK,
PKOH,
PKW,
PLAB,
PLAY,
PLBC,
PLBL,
PLBY,
PLCE,
PLL,
PLMK,
PLMKU,
PLMKW,
PLMR,
PLPC,
PLRX,
PLRZ,
PLSE,
PLT,
PLTD,
PLTG,
PLTK,
PLTR,Palantir Technologies
PLTU,
PLTZ,
PLUG,
PLUS,
PLUT,
PLXS,
PMBS,
PMCB,
PMEC,
PMTR,
PMTRU,
PMTRW,
PMTS,
PMVP,
PN,
PNBK,
PNFP,
PNFPP,
PNQI,
PNRG,
PNTG,
POCI,
PODC,
PODD,
POET,
POLA,
POLE,
POLEU,
POLEW,
PONY,
POOL,
POWI,
POWL,
PPBI,
PPBT,
PPC,
PPCB,
PPH,
PPI,
PPIH,
PPSI,
PPTA,
PQAP,
PQJA,
PQJL,
PQOC,
PRAA,
PRAX,
PRCH,
PRCT,
PRDO,
PRE,
PRENW,
PRFX,
PRFZ,
PRGS,
PRME,
PRN,
PROF,
PROK,
PROP,
PROV,
PRPO,
PRQR,
PRSO,
PRTA,
PRTC,
PRTH,
PRVA,
PRZO,
PSC,
PSCC,
PSCD,
PSCE,
PSCF,
PSCH,
PSCI,
PSCM,
PSCT,
PSCU,
PSEC,
PSET,
PSHG,
PSIX,
PSKY,
PSL,
PSMT,
PSNL,
PSNY,
PSNYW,
PSTR,
PSWD,
PT,
PTC,
PTCT,
PTEN,
PTF,
PTGX,
PTH,
PTHL,
PTIR,
PTIX,
PTIXW,
PTLO,
PTNM,
PTNQ,
PTON,
PUBM,
PUI,
PULM,
PVBC,
PVLA,
PWP,
PWRD,
PXI,
PXLW,
PXS,
PXSAW,
PY,
PYPD,
PYPG,
PYPL,PayPal Holdings
PYXS,
PYZ,
PZZA,
QABA,
QALT,
QAT,
QB,
QBIG,
QBUF,
QCLN,
QCLR,
QCMD,
QCML,
QCMU,
QCOM,Qualcomm Inc.
QCRH,
QDEL,
QDTY,
QETA,
QETAR,
QETAU,
QFIN,
QGRD,
QH,
QHDG,
QIPT,
QLYS,
QMID,
QMMM,
QMOM,
QNCX,
QNRX,
QNST,
QNTM,
QNXT,
QOWZ,
QPUX,
QQA,
QQDN,
QQEW,
QQHG,
QQJG,
QQLV,
QQMG,
QQQ,Invesco QQQ Trust (Nasdaq 100)
QQQA,
QQQE,
QQQG,
QQQH,
QQQI,
QQQJ,
QQQM,
QQQP,
QQQS,
QQQT,
QQQX,
QQQY,
QQUP,
QQWZ,
QQXL,
QQXT,
QRHC,
QRMI,
QRVO,
QSEA,
QSEAR,
QSEAU,
QSG,
QSI,
QSIAW,
QSIX,
QSML,
QTEC,
QTOP,
QTR,
QTRX,
QTUM,
QUBT,
QUIK,
QUMSU,
QURE,
QVAL,
QVCGA,
QVCGP,
QXQ,
QYLD,
QYLG,
RAA,
RAAQ,
RAAQU,
RAAQW,
RADX,
RAIL,
RAND,
RANG,
RANGR,
RANGU,
RAPP,
RAPT,
RARE,
RAVE,
RAY,
RAYA,
RBB,
RBBN,
RBCAA,
RBIL,
RBKB,
RBNE,
RCAT,
RCEL,
RCGE,
RCKT,
RCKTW,
RCKY,
RCMT,
RCON,
RCT,
RDAC,
RDACR,
RDACU,
RDAG,
RDAGU,
RDAGW,
RDCM,
RDGT,
RDI,
RDIB,
RDNT,
RDNW,
RDTL,
RDTY,
RDVT,
RDVY,
RDWR,
RDZN,
RDZNW,
REAI,
REAL,
REAX,
RECT,
REFI,
REFR,
REG,
REGCO,
REGCP,
REGN,
REIT,
REKR,
RELI,
RELIANCE.NS,Reliance Industries
RELIW,
RELL,
RELY,
REMG,
RENT,
REPL,
RETO,
REVB,
REVBW,
REYN,
RFAI,
RFAIR,
RFAIU,
RFDI,
RFEM,
RFEU,
RFIL,
RGC,
RGCO,
RGEN,
RGLD,
RGLO,
RGNX,
RGP,
RGS,
RGTI,
RGTIW,
RGTX,
RHLD,
RIBB,
RIBBR,
RIBBU,
RICK,
RIFR,
RIGL,
RIME,
RING,
RINT,
RIOT,
RITR,
RIVN,Rivian Automotive
RKDA,
RKLB,
RKLX,
RLAY,
RMBI,
RMBS,
RMCF,
RMCO,
RMCOW,
RMNI,
RMR,
RMSG,
RMSGW,
RMTI,
RNA,
RNAC,
RNAZ,
RNEM,
RNIN,
RNRG,
RNTX,
RNW,
RNWWW,
RNXT,
ROAD,
ROBT,
ROCK,
ROE,
ROIV,
ROKU,
ROMA,
ROOT,
ROP,
ROST,
RPAY,
RPD,
RPID,
RPRX,
RPTX,
RR,
RRBI,
RRGB,
RRR,
RSSS,
RSVR,
RSVRW,
RTAC,
RTACU,
RTACW,
RTH,
RTXG,
RUBI,
RUM,
RUMBW,
RUN,
RUNN,
RUSC,
RUSHA,
RUSHB,
RVMD,
RVMDW,
RVNL,
RVSB,
RVSNW,
RWAY,
RWAYL,
RWAYZ,
RXRX,
RXST,
RXT,
RYAAY,
RYET,
RYOJ,
RYTM,
RZLT,
RZLV,
RZLVW,
SABR,
SABS,
SABSW,
SAFT,
SAFX,
SAGT,
SAIA,
SAIC,
SAIH,
SAIHW,
SAIL,
SAMG,
SANA,
SANG,
SANM,
SARK,
SATL,
SATLW,
SATS,
SAVA,
SBAC,
SBC,
SBCF,
SBCWW,
SBET,
SBFG,
SBFM,
SBFMW,
SBGI,
SBIN.NS,State Bank of India
SBLK,
SBLX,
SBRA,
SBUX,Starbucks Corporation
SCAG,
SCAGW,
SCDS,
SCHL,
SCKT,
SCLX,
SCLXW,
SCNI,
SCNX,
SCOR,
SCPH,
SCSC,
SCVL,
SCZ,
SDA,
SDAWW,
SDG,
SDGR,
SDHI,
SDHIR,
SDHIU,
SDM,
SDOT,
SDSI,
SDTY,
SDVY,
SEAT,
SEATW,
SEDG,
SEED,
SEEM,
SEER,
SEIC,
SEIE,
SEIS,
SELF,
SENEA,
SENEB,
SEPN,
SERA,
SERV,
SETM,
SEVN,
SEZL,
SFBC,
SFD,
SFIX,
SFLO,
SFM,
SFNC,
SFST,
SFWL,
SGA,
SGC,
SGD,
SGHT,
SGLY,
SGML,
SGMT,
SGRP,
SGRY,
SHBI,
SHC,
SHEN,
SHIM,
SHIP,
SHLS,
SHOO,
SHOP,Shopify Inc.
SHOTW,
SHPD,
SHPH,
SHPU,
SHRY,
SHV,
SHY,
SIBN,
SIDU,
SIEB,
SIFY,
SIGA,
SIGI,
SIGIP,
SILC,
SIMA,
SIMAU,
SIMAW,
SIMO,
SINT,
SION,
SIRI,
SITM,
SIXG,
SJCP,
SJLD,
SKBL,
SKIN,
SKOR,
SKRE,
SKWD,
SKYE,
SKYT,
SKYU,
SKYW,
SKYX,
SKYY,
SLAB,
SLDB,
SLDE,
SLDP,
SLDPW,
SLGL,
SLM,
SLMBP,
SLN,
SLNG,
SLNHP,
SLNO,
SLP,
SLQD,
SLRC,
SLS,
SLSN,
SLVO,
SLVR,
SLXNW,
SMBC,
SMCC,
SMCF,
SMCI,
SMCL,
SMCO,
SMCX,
SMCZ,
SMH,
SMHX,
SMID,
SMLR,
SMMT,
SMPL,
SMRI,
SMST,
SMTC,
SMTI,
SMX,
SMXT,
SMXWW,
SNAL,
SNBR,
SNCR,
SNCY,
SND,
SNDK,
SNDL,
SNDX,
SNES,
SNEX,
SNFCA,
SNOA,
SNPS,
SNSE,
SNSR,
SNT,
SNTG,
SNTI,
SNWV,
SNY,
SNYR,
SOBR,
SOCAU,
SOCL,
SOFI,
SOFX,
SOGP,
SOHOB,
SOHON,
SOHOO,
SOHU,
SOLT,
SOLZ,
SONN,
SONO,
SOPH,
SORA,
SOTK,
SOUN,
SOUNW,
SOUX,
SOXQ,
SOXX,
SPAI,
SPAM,
SPAQ,
SPBC,
SPC,
SPCB,
SPCX,
SPCY,
SPEGU,
SPFI,
SPKL,
SPKLU,
SPKLW,
SPNS,
SPOK,
SPPL,
SPRC,
SPRO,
SPRX,
SPRY,
SPSC,
SPT,
SPTN,
SPWH,
SPWR,
SPWRW,
SPXD,
SPYQ,
SQFT,
SQFTP,
SQFTW,
SQLV,
SQQQ,ProShares UltraPro Short QQQ
SRAD,
SRBK,
SRCE,
SRDX,
SRET,
SRPT,
SRRK,
SRTS,
SRZN,
SRZNW,
SSBI,
SSEAU,
SSII,
SSNC,
SSP,
SSRM,
SSSS,
SSSSL,
SSTI,
SSYS,
STAA,
STAK,
STBA,
STEP,
STFS,
STGW,
STHO,
STIM,
STKH,
STKL,
STKS,
STLD,
STNC,
STNE,
STOK,
STRA,
STRC,
STRD,
STRF,
STRK,
STRL,
STRS,
STRT,
STRZ,
STSS,
STSSW,
STX,Seagate Technology
SUNE,
SUNS,
SUPN,
SUPP,
SUPX,
SURG,
SUSB,
SUSC,
SUSL,
SUUN,
SVC,
SVCC,
SVCCU,
SVCCW,
SVCO,
SVII,
SVIIR,
SVIIU,
SVIIW,
SVRA,
SVRE,
SVREW,
SWAG,
SWAGW,
SWBI,
SWIM,
SWIN,
SWKH,
SWKHL,
SWKS,
SWP,
SWVL,
SWVLW,
SXTC,
SXTP,
SXTPW,
SY,
SYBT,
SYBX,
SYM,
SYNA,
SYPR,
SYRE,
SYTA,
SYTAW,
SZZL,
SZZLR,
SZZLU,
TACH,
TACHU,
TACHW,
TACO,
TACOU,
TACOW,
TACT,
TAIT,
TALK,
TALKW,
TANH,
TAOP,
TAOX,
TARA,
TARK,
TARS,
TASK,
TATT,
TAVI,
TAVIR,
TAVIU,
TAX,
TAXE,
TAXI,
TAXS,
TAXT,
TAYD,
TBBK,
TBCH,
TBH,
TBHC,
TBIL,
TBLA,
TBLAW,
TBLD,
TBMC,
TBMCR,
TBPH,
TBRG,
TCBI,
TCBIO,
TCBK,
TCBS,
TCBX,
TCHI,
TCMD,
TCOM,
TCPC,
TCRT,
TCRX,
TCS.NS,Tata Consultancy Services
TCX,
TDAC,
TDACU,
TDACW,
TDI,
TDIC,
TDIV,
TDSB,
TDSC,
TDTH,
TDUP,
TEAD,
TEAM,Atlassian Corporation
TECH,
TECTP,
TECX,
TEKX,
TEKY,
TELA,
TELO,
TEM,
TENB,
TENX,
TER,
TERN,
TEXN,
TFNS,
TFSL,
TGTX,
TH,
THCH,
THFF,
THMZ,
THRM,
THRY,
THTX,
TIGO,
TIGR,
TIL,
TILE,
TIPT,
TIRX,
TITN,
TIVC,
TKLF,
TKNO,
TLF,
TLIH,
TLN,
TLS,
TLSA,
TLSI,
TLSIW,
TLT,iShares 20+ Year Treasury ETF
TLX,
TMB,
TMC,
TMCI,
TMCWW,
TMDX,
TMED,
TMET,
TMUS,
TMUSI,
TMUSL,
TMUSZ,
TNDM,
TNGX,
TNON,
TNONW,
TNXP,
TOI,
TOIIW,
TOMZ,
TOP,
TORO,
TOWN,
TOYO,
TPCS,
TPG,
TPGXL,
TPLS,
TPST,
TQQQ,ProShares UltraPro QQQ
TQQY,
TRAW,
TRDA,
TREE,
TRI,
TRIN,
TRINI,
TRINZ,
TRIP,
TRMB,
TRMD,
TRMK,
TRML,
TRNR,
TRNS,
TRON,
TROW,
TRS,
TRSG,
TRST,
TRUD,
TRUE,
TRUG,
TRUP,
TRUT,
TRVG,
TRVI,
TSAT,
TSBK,
TSCO,
TSDD,
TSEL,
TSEM,
TSHA,
TSL,
TSLA,Tesla Inc.
TSLG,
TSLL,
TSLQ,
TSLR,
TSLS,
TSMG,
TSMU,
TSMX,
TSMZ,
TSPY,
TSSI,
TSYY,
TTAN,
TTD,
TTEC,
TTEK,
TTEQ,
TTGT,
TTMI,
TTSH,
TTWO,
TUG,
TUGN,
TUR,
TURB,
TURF,
TURN,
TUSK,
TVA,
TVACU,
TVACW,
TVAI,
TVAIR,
TVAIU,
TVGN,
TVGNW,
TVRD,
TVTX,
TW,
TWFG,
TWG,
TWIN,
TWST,
TXG,
TXMD,
TXN,Texas Instruments
TXRH,
TXSS,
TXUE,
TXUG,
TYGO,
TYRA,
TZOO,
TZUP,
UAE,
UAL,
UBCP,
UBFO,
UBND,
UBRL,
UBSI,
UBXG,
UCAR,
UCL,
UCRD,
UCTT,
UCYB,
UDMY,
UEIC,
UEVM,
UFCS,
UFG,
UFIV,
UFO,
UFPI,
UFPT,
UG,
UHG,
UHGWW,
UITB,
UIVM,
UK,
UKOMW,
ULBI,
ULCC,
ULH,
ULTA,
ULVM,
UMBF,
UMBFO,
UMMA,
UNB,
UNCY,
UNHG,
UNIT,
UNIY,
UNTY,
UOKA,
UONE,
UPB,
UPBD,
UPC,
UPGR,
UPLD,
UPST,
UPWK,
UPXI,
URBN,
URGN,
URNJ,
UROY,
USAF,
USAR,
USARW,
USAU,
USCB,
USCL,
USDX,
USEA,
USEG,
USFI,
USGO,
USGOW,
USIG,
USIN,
USIO,
USLM,
USMC,
USOI,
USOY,
USRD,
USSH,
USTB,
USVM,
USVN,
USXF,
UTEN,
UTHR,
UTHY,
UTMD,
UTRE,
UTSI,
UTWO,
UTWY,
UVSP,
UXIN,
UYLD,
UYSC,
UYSCR,
UYSCU,
VABK,
VACH,
VACHU,
VACHW,
VALN,
VALU,
VANI,
VBIL,
VBIX,
VBNK,
VBTX,
VC,
VCEL,
VCIC,
VCICU,
VCICW,
VCIG,
VCIT,
VCLT,
VCRB,
VCSH,
VCTR,
VCYT,
VECO,
VEEA,
VEEAW,
VEEE,
VELO,
VEON,
VERA,
VERB,
VERI,
VERO,
VERU,
VERX,
VFF,
VFLO,
VFS,
VFSWW,
VGAS,
VGASW,
VGIT,
VGLT,
VGSH,
VGSR,
VGUS,
VIASP,
VIAV,
VICR,
VIGI,
VINP,
VIR,
VIRC,
VITL,
VIVS,
VIXI,
VKTX,
VLGEA,
VLY,
VLYPN,
VLYPO,
VLYPP,
VMAR,
VMBS,
VMD,
VMEO,
VNDA,
VNET,
VNME,
VNMEU,
VNMEW,
VNOM,
VNQI,
VOD,Vodafone Group
VOLT,
VONE,
VONG,
VONV,
VOR,
VOTE,
VOXR,
VPLS,
VRA,
VRAR,
VRDN,
VREX,
VRIG,
VRM,
VRNA,
VRNS,
VRNT,
VRRM,
VRSK,
VRSN,
VRTL,
VRTX,
VS,
VSA,
VSAT,
VSDA,
VSEC,
VSME,
VSMV,
VSSYW,
VSTA,
VSTL,
VSTM,
VTC,
VTGN,
VTHR,
VTIP,
VTRS,
VTSI,
VTVT,
VTWG,
VTWO,
VTWV,
VTYX,
VUZI,
VVOS,
VVPR,
VWAV,
VWAVW,
VWOB,
VXUS,
VYGR,
VYMI,
VYNE,
WABC,
WABF,
WAFD,
WAFDP,
WAFU,
WALD,
WALDW,
WASH,
WATT,
WAVE,
WAY,
WB,
WBA,
WBD,
WBTN,
WBUY,
WCBR,
WCLD,
WDAY,Workday Inc.
WDC,Western Digital
WDFC,
WEEI,
WEN,
WENN,
WENNU,
WENNW,
WERN,
WEST,
WETO,
WEYS,
WFCF,
WFF,
WFRD,
WGMI,
WGRX,
WGS,
WGSWW,
WHF,
WHFCL,
WHLR,
WHLRD,
WHLRL,
WHLRP,
WHWK,
WILC,
WIMI,
WINA,
WING,
WISE,
WIX,
WKEY,
WKHS,
WKSP,
WLAC,
WLACU,
WLACW,
WLDN,
WLDS,
WLDSW,
WLFC,
WMG,
WNEB,
WNW,
WOOD,
WOOF,
WPRT,
WRAP,
WRD,
WRLD,
WRND,
WSBC,
WSBCP,
WSBF,
WSBK,
WSC,
WSFS,
WSML,
WTBA,
WTBN,
WTF,
WTFC,
WTFCN,
WTG,
WTGUR,
WTGUU,
WTIP,
WTMU,
WTMY,
WTW,
WULF,
WVE,
WVVI,
WVVIP,
WW,
WWD,
WXM,
WYFI,
WYHG,
WYNN,
XAIR,
XAIX,
XBIL,
XBIO,
XBIT,
XBP,
XBPEW,
XBTY,
XCH,
XCNY,
XCUR,
XEL,
XELB,
XENE,
XERS,
XFIX,
XFOR,
XGN,
XHG,
XMAG,
XMTR,
XNCR,
XNET,
XOMA,
XOMAO,
XOMAP,
XOMX,
XOMZ,
XOS,
XOSWW,
XOVR,
XP,
XPEL,
XPON,
XRAY,
XRPI,
XRPT,
XRX,
XT,
XTIA,
XTKG,
XTLB,
XWEL,
XXII,
XYZG,
YB,
YGMZ,
YHC,
YHNA,
YHNAR,
YHNAU,
YI,
YIBO,
YJ,
YLDE,
YMAB,
YMAT,
YMT,
YNOT,
YOKE,
YORK,
YORKU,
YORKW,
YORW,
YOSH,
YOUL,
YQ,
YQQQ,
YSPY,
YSXT,
YTRA,
YYGH,
Z,
ZAP,
ZBAI,
ZBAO,
ZBIO,
ZBRA,
ZCMD,
ZD,
ZENA,
ZENV,
ZEO,
ZEOWW,
ZEUS,
ZG,
ZIMV,
ZION,
ZIONP,
ZIPP,
ZJK,
ZKIN,
ZLAB,
ZM,Zoom Video Communications
ZNB,
ZNTL,
ZOOZ,
ZOOZW,
ZS,Zscaler Inc.
ZSPC,
ZTEK,
ZTEN,
ZTOP,
ZTRE,
ZTWO,
ZUMZ,
ZURA,
ZVRA,
ZYBT,
ZYME,
ZYXI,
ZZZ,
ORCL,Oracle Corporation
CRM,Salesforce Inc.
UBER,Uber Technologies
SNAP,Snap Inc.
TWTR,Twitter Inc.
SPOT,Spotify Technology
SQ,Block Inc. (Square)
RBLX,Roblox Corporation
PINS,Pinterest Inc.
ZOOM,Zoom Video Communications
SNOW,Snowflake Inc.
NET,Cloudflare Inc.
IBM,IBM Corporation
HPQ,HP Inc.
DELL,Dell Technologies
NOW,ServiceNow Inc.
JPM,JPMorgan Chase
BAC,Bank of America
WFC,Wells Fargo
GS,Goldman Sachs
MS,Morgan Stanley
C,Citigroup Inc.
AXP,American Express
V,Visa Inc.
MA,Mastercard Inc.
BRK-B,Berkshire Hathaway
BLK,BlackRock Inc.
SCHW,Charles Schwab
COF,Capital One Financial
JNJ,Johnson & Johnson
PFE,Pfizer Inc.
ABBV,AbbVie Inc.
MRK,Merck & Co.
BMY,Bristol-Myers Squibb
LLY,Eli Lilly and Company
UNH,UnitedHealth Group
CVS,CVS Health
ABC,AmerisourceBergen
WMT,Walmart Inc.
TGT,Target Corporation
HD,Home Depot
LOW,Lowe's Companies
MCD,McDonald's Corporation
NKE,Nike Inc.
DIS,The Walt Disney Company
KO,Coca-Cola Company
PG,Procter & Gamble
CL,Colgate-Palmolive
GIS,General Mills
K,Kellogg Company
HSY,Hershey Company
XOM,ExxonMobil Corporation
CVX,Chevron Corporation
COP,ConocoPhillips
BP,BP plc
SHEL,Shell plc
BA,Boeing Company
LMT,Lockheed Martin
GE,General Electric
MMM,3M Company
CAT,Caterpillar Inc.
DE,Deere & Company
RTX,Raytheon Technologies
F,Ford Motor Company
GM,General Motors
SPY,SPDR S&P 500 ETF
DIA,SPDR Dow Jones ETF
IWM,iShares Russell 2000 ETF
VTI,Vanguard Total Stock Market ETF
VOO,Vanguard S&P 500 ETF
GLD,SPDR Gold Shares ETF
SLV,iShares Silver Trust ETF
XLF,Financial Select Sector SPDR
XLK,Technology Select Sector SPDR
XLE,Energy Select Sector SPDR
ARKK,ARK Innovation ETF
ARKG,ARK Genomic Revolution ETF
BAJFINANCE.NS,Bajaj Finance
WIPRO.NS,Wipro Limited
HCLTECH.NS,HCL Technologies
ASIANPAINT.NS,Asian Paints
MARUTI.NS,Maruti Suzuki
TATAMOTORS.NS,Tata Motors
TATASTEEL.NS,Tata Steel
ADANIENT.NS,Adani Enterprises
ADANIPORTS.NS,Adani Ports
KOTAKBANK.NS,Kotak Mahindra Bank
AXISBANK.NS,Axis Bank
SUNPHARMA.NS,Sun Pharmaceutical
DRREDDY.NS,Dr. Reddy's Laboratories
CIPLA.NS,Cipla Limited
ONGC.NS,Oil and Natural Gas Corp
POWERGRID.NS,Power Grid Corporation
NTPC.NS,NTPC Limited
COALINDIA.NS,Coal India
JSWSTEEL.NS,JSW Steel
HINDALCO.NS,Hindalco Industries
ULTRACEMCO.NS,UltraTech Cement
TITAN.NS,Titan Company
NESTLEIND.NS,Nestle India
BAJAJFINSV.NS,Bajaj Finserv
TECHM.NS,Tech Mahindra
DIVISLAB.NS,Divi's Laboratories
GRASIM.NS,Grasim Industries
INDUSINDBK.NS,IndusInd Bank
HEROMOTOCO.NS,Hero MotoCorp
EICHERMOT.NS,Eicher Motors
BPCL.NS,Bharat Petroleum
TATACONSUM.NS,Tata Consumer Products
APOLLOHOSP.NS,Apollo Hospitals
PIDILITIND.NS,Pidilite Industries
MUTHOOTFIN.NS,Muthoot Finance
NIFTY50.NS,Nifty 50 Index
TSM,Taiwan Semiconductor
BABA,Alibaba Group
NIO,NIO Inc.
SONY,Sony Group Corporation
TM,Toyota Motor Corporation
HMC,Honda Motor Company
SAP,SAP SE
NSRGY,Nestle SA
BCS,Barclays PLC
RY,Royal Bank of Canada
TD,Toronto-Dominion Bank
